Category,Product name,SKU,Product URL,Image URL,Thumbnail URL
Automatic Faucets,Touch Free Sensor Faucet,362.0001,https://joeandjone.co.uk/product/touch-free-sensor-faucet/,https://joeandjone.co.uk/wp-content/uploads/2023/08/af1.jpg,https://joeandjone.co.uk/wp-content/uploads/2023/08/af1-300x300.jpg
Automatic Faucets,Touch Free Sensor Faucet,362.0002,https://joeandjone.co.uk/product/touch-free-sensor-faucet-2/,https://joeandjone.co.uk/wp-content/uploads/2023/08/af2.jpg,https://joeandjone.co.uk/wp-content/uploads/2023/08/af2-300x300.jpg
Automatic Faucets,Touch Free Sensor Faucet,362.0003,https://joeandjone.co.uk/product/touch-free-sensor-faucet-3/,https://joeandjone.co.uk/wp-content/uploads/2023/08/af3.jpg,https://joeandjone.co.uk/wp-content/uploads/2023/08/af3-300x300.jpg
Automatic Faucets,Touch Free Sensor Faucet,362.0004,https://joeandjone.co.uk/product/touch-free-sensor-faucet-4/,https://joeandjone.co.uk/wp-content/uploads/2023/08/af4.jpg,https://joeandjone.co.uk/wp-content/uploads/2023/08/af4-300x300.jpg
Automatic Faucets,Touch Free Sensor Faucet,362.0005,https://joeandjone.co.uk/product/touch-free-sensor-faucet-5/,https://joeandjone.co.uk/wp-content/uploads/2023/08/af5.jpg,https://joeandjone.co.uk/wp-content/uploads/2023/08/af5-300x300.jpg
Automatic Faucets,Touch Free Sensor Faucet,362.0006,https://joeandjone.co.uk/product/touch-free-sensor-faucet-6/,https://joeandjone.co.uk/wp-content/uploads/2023/08/af6.jpg,https://joeandjone.co.uk/wp-content/uploads/2023/08/af6-300x300.jpg
Automatic Faucets,Touch Free Sensor Faucet,362.0007,https://joeandjone.co.uk/product/touch-free-sensor-faucet-7/,https://joeandjone.co.uk/wp-content/uploads/2023/08/af7.jpg,https://joeandjone.co.uk/wp-content/uploads/2023/08/af7-300x300.jpg
Automatic Faucets,Touch Free Sensor Faucet,362.0008,https://joeandjone.co.uk/product/touch-free-sensor-faucet-8/,https://joeandjone.co.uk/wp-content/uploads/2023/08/af8.jpg,https://joeandjone.co.uk/wp-content/uploads/2023/08/af8-300x300.jpg
Automatic Faucets,Touch Free Sensor Faucet,362.0009,https://joeandjone.co.uk/product/touch-free-sensor-faucet-9/,https://joeandjone.co.uk/wp-content/uploads/2023/08/af9.jpg,https://joeandjone.co.uk/wp-content/uploads/2023/08/af9-300x300.jpg
Automatic Faucets,Touch Free Sensor Faucet,362.0010,https://joeandjone.co.uk/product/touch-free-sensor-faucet-10/,https://joeandjone.co.uk/wp-content/uploads/2023/08/af10.jpg,https://joeandjone.co.uk/wp-content/uploads/2023/08/af10-300x300.jpg
Automatic Faucets,Touch Free Sensor Faucet,362.0011,https://joeandjone.co.uk/product/touch-free-sensor-faucet-11/,https://joeandjone.co.uk/wp-content/uploads/2023/08/af11.jpg,https://joeandjone.co.uk/wp-content/uploads/2023/08/af11-300x300.jpg
Automatic Faucets,Touch Free Sensor Faucet,362.0012,https://joeandjone.co.uk/product/touch-free-sensor-faucet-12/,https://joeandjone.co.uk/wp-content/uploads/2023/08/af12.jpg,https://joeandjone.co.uk/wp-content/uploads/2023/08/af12-300x300.jpg
Automatic Faucets,Touch Free Sensor Faucet,362.0013,https://joeandjone.co.uk/product/touch-free-sensor-faucet-13/,https://joeandjone.co.uk/wp-content/uploads/2023/08/af13.jpg,https://joeandjone.co.uk/wp-content/uploads/2023/08/af13-300x300.jpg
Automatic Faucets,Touch Free Sensor Faucet,362.0014,https://joeandjone.co.uk/product/touch-free-sensor-faucet-14/,https://joeandjone.co.uk/wp-content/uploads/2023/08/af14.jpg,https://joeandjone.co.uk/wp-content/uploads/2023/08/af14-300x300.jpg
Automatic Faucets,Touch Free Sensor Faucet,362.0015,https://joeandjone.co.uk/product/touch-free-sensor-faucet-15/,https://joeandjone.co.uk/wp-content/uploads/2023/08/af15.jpg,https://joeandjone.co.uk/wp-content/uploads/2023/08/af15-300x300.jpg
Automatic Faucets,Touch Free Sensor Faucet,362.0016,https://joeandjone.co.uk/product/touch-free-sensor-faucet-16/,https://joeandjone.co.uk/wp-content/uploads/2023/08/af16.jpg,https://joeandjone.co.uk/wp-content/uploads/2023/08/af16-300x300.jpg
Automatic Faucets,Touch Free Sensor Faucet,362.0017,https://joeandjone.co.uk/product/touch-free-sensor-faucet-17/,https://joeandjone.co.uk/wp-content/uploads/2023/08/af17.jpg,https://joeandjone.co.uk/wp-content/uploads/2023/08/af17-300x300.jpg
Automatic Faucets,Touch Free Sensor Faucet,362.0018,https://joeandjone.co.uk/product/touch-free-sensor-faucet-18/,https://joeandjone.co.uk/wp-content/uploads/2023/08/af18.jpg,https://joeandjone.co.uk/wp-content/uploads/2023/08/af18-300x300.jpg
Automatic Faucets,Touch Free Sensor Faucet,362.0019,https://joeandjone.co.uk/product/touch-free-sensor-faucet-19/,https://joeandjone.co.uk/wp-content/uploads/2023/08/af19.jpg,https://joeandjone.co.uk/wp-content/uploads/2023/08/af19-300x300.jpg
Automatic Faucets,Touch Free Sensor Faucet,362.0020,https://joeandjone.co.uk/product/touch-free-sensor-faucet-20/,https://joeandjone.co.uk/wp-content/uploads/2023/08/af20.jpg,https://joeandjone.co.uk/wp-content/uploads/2023/08/af20-300x300.jpg
Automatic Faucets,Touch Free Sensor Faucet,362.0021,https://joeandjone.co.uk/product/touch-free-sensor-faucet-21/,https://joeandjone.co.uk/wp-content/uploads/2023/08/af21.jpg,https://joeandjone.co.uk/wp-content/uploads/2023/08/af21-300x300.jpg
Automatic Faucets,Touch Free Sensor Faucet,362.0022,https://joeandjone.co.uk/product/touch-free-sensor-faucet-22/,https://joeandjone.co.uk/wp-content/uploads/2023/08/af22.jpg,https://joeandjone.co.uk/wp-content/uploads/2023/08/af22-300x300.jpg
Automatic Faucets,Touch Free Sensor Faucet,362.0023,https://joeandjone.co.uk/product/touch-free-sensor-faucet-23/,https://joeandjone.co.uk/wp-content/uploads/2023/08/af23.jpg,https://joeandjone.co.uk/wp-content/uploads/2023/08/af23-300x300.jpg
Automatic Faucets,Touch Free Sensor Faucet,362.0024,https://joeandjone.co.uk/product/touch-free-sensor-faucet-24/,https://joeandjone.co.uk/wp-content/uploads/2023/08/af24.jpg,https://joeandjone.co.uk/wp-content/uploads/2023/08/af24-300x300.jpg
Automatic Faucets,Touch Free Sensor Faucet,362.0025,https://joeandjone.co.uk/product/touch-free-sensor-faucet-25/,https://joeandjone.co.uk/wp-content/uploads/2023/08/af25.jpg,https://joeandjone.co.uk/wp-content/uploads/2023/08/af25-300x300.jpg
Automatic Soap Dispenser,Automatic Soap Dispenser,363.119,https://joeandjone.co.uk/product/automatic-soap-dispenser-14/,https://joeandjone.co.uk/wp-content/uploads/2023/08/ad90.jpg,https://joeandjone.co.uk/wp-content/uploads/2023/08/ad90-300x300.jpg
Automatic Soap Dispenser,Automatic Soap Dispenser,363.1151,https://joeandjone.co.uk/product/automatic-soap-dispenser/,https://joeandjone.co.uk/wp-content/uploads/2023/08/ad51.jpg,https://joeandjone.co.uk/wp-content/uploads/2023/08/ad51-300x300.jpg
Automatic Soap Dispenser,Automatic Soap Dispenser,363.1152,https://joeandjone.co.uk/product/automatic-soap-dispenser-2/,https://joeandjone.co.uk/wp-content/uploads/2023/08/ad52.jpg,https://joeandjone.co.uk/wp-content/uploads/2023/08/ad52-300x300.jpg
Automatic Soap Dispenser,Automatic Soap Dispenser,363.1153,https://joeandjone.co.uk/product/automatic-soap-dispenser-3/,https://joeandjone.co.uk/wp-content/uploads/2023/08/ad53.jpg,https://joeandjone.co.uk/wp-content/uploads/2023/08/ad53-300x300.jpg
Automatic Soap Dispenser,Automatic Soap Dispenser,363.1154,https://joeandjone.co.uk/product/automatic-soap-dispenser-4/,https://joeandjone.co.uk/wp-content/uploads/2023/08/ad54.jpg,https://joeandjone.co.uk/wp-content/uploads/2023/08/ad54-300x300.jpg
Automatic Soap Dispenser,Automatic Soap Dispenser,363.1155,https://joeandjone.co.uk/product/automatic-soap-dispenser-5/,https://joeandjone.co.uk/wp-content/uploads/2023/08/ad55.jpg,https://joeandjone.co.uk/wp-content/uploads/2023/08/ad55-300x300.jpg
Automatic Soap Dispenser,Automatic Soap Dispenser,363.1156,https://joeandjone.co.uk/product/automatic-soap-dispenser-6/,https://joeandjone.co.uk/wp-content/uploads/2023/08/ad56.jpg,https://joeandjone.co.uk/wp-content/uploads/2023/08/ad56-300x300.jpg
Automatic Soap Dispenser,Automatic Soap Dispenser,363.1157,https://joeandjone.co.uk/product/automatic-soap-dispenser-7/,https://joeandjone.co.uk/wp-content/uploads/2023/08/ad57.jpg,https://joeandjone.co.uk/wp-content/uploads/2023/08/ad57-300x300.jpg
Automatic Soap Dispenser,Automatic Soap Dispenser,363.1158,https://joeandjone.co.uk/product/automatic-soap-dispenser-8/,https://joeandjone.co.uk/wp-content/uploads/2023/08/ad58.jpg,https://joeandjone.co.uk/wp-content/uploads/2023/08/ad58-300x300.jpg
Automatic Soap Dispenser,Automatic Soap Dispenser,363.1159,https://joeandjone.co.uk/product/automatic-soap-dispenser-9/,https://joeandjone.co.uk/wp-content/uploads/2023/08/ad59.jpg,https://joeandjone.co.uk/wp-content/uploads/2023/08/ad59-300x300.jpg
Automatic Soap Dispenser,Automatic Soap Dispenser,363.1160,https://joeandjone.co.uk/product/automatic-soap-dispenser-10/,https://joeandjone.co.uk/wp-content/uploads/2023/08/ad60.jpg,https://joeandjone.co.uk/wp-content/uploads/2023/08/ad60-300x300.jpg
Automatic Soap Dispenser,Automatic Soap Dispenser,363.1161,https://joeandjone.co.uk/product/automatic-soap-dispenser-11/,https://joeandjone.co.uk/wp-content/uploads/2023/08/ad61.jpg,https://joeandjone.co.uk/wp-content/uploads/2023/08/ad61-300x300.jpg
Automatic Soap Dispenser,Automatic Soap Dispenser,363.1162,https://joeandjone.co.uk/product/automatic-soap-dispenser-12/,https://joeandjone.co.uk/wp-content/uploads/2023/08/ad62.jpg,https://joeandjone.co.uk/wp-content/uploads/2023/08/ad62-300x300.jpg
Automatic Soap Dispenser,Automatic Soap Dispenser,363.1163,https://joeandjone.co.uk/product/automatic-soap-dispenser-13/,https://joeandjone.co.uk/wp-content/uploads/2023/08/ad63.jpg,https://joeandjone.co.uk/wp-content/uploads/2023/08/ad63-300x300.jpg
Hand Dryer,HIGH SPEED HAND DRYER,253.0100,https://joeandjone.co.uk/product/high-speed-hand-dryer/,,
Hand Dryer,HIGH SPEED HAND DRYER,253.0101,https://joeandjone.co.uk/product/high-speed-hand-dryer-2/,,
Hand Dryer,COMPACT HYGIENE HAND DRYER,253.0103,https://joeandjone.co.uk/product/compact-hygiene-hand-dryer/,,
Hand Dryer,ULTRASLIM PLASTIC HIGH SPEED HAND DRYER,253.0104,https://joeandjone.co.uk/product/ultraslim-plastic-high-speed-hand-dryer/,,
Hand Dryer,COMPACT HIGH SPEED HAND DRYER,253.0106,https://joeandjone.co.uk/product/compact-high-speed-hand-dryer/,,
Automatic Toilet Flush,Automatic Toilet Flush,370.217,https://joeandjone.co.uk/product/automatic-toilet-flush-5/,https://joeandjone.co.uk/wp-content/uploads/2023/08/at70.jpg,https://joeandjone.co.uk/wp-content/uploads/2023/08/at70-300x300.jpg
Automatic Toilet Flush,Automatic Toilet Flush,370.2166,https://joeandjone.co.uk/product/automatic-toilet-flush/,https://joeandjone.co.uk/wp-content/uploads/2023/08/at66.jpg,https://joeandjone.co.uk/wp-content/uploads/2023/08/at66-300x300.jpg
Automatic Toilet Flush,Automatic Toilet Flush,370.2167,https://joeandjone.co.uk/product/automatic-toilet-flush-2/,https://joeandjone.co.uk/wp-content/uploads/2023/08/at67.jpg,https://joeandjone.co.uk/wp-content/uploads/2023/08/at67-300x300.jpg
Automatic Toilet Flush,Automatic Toilet Flush,370.2168,https://joeandjone.co.uk/product/automatic-toilet-flush-3/,https://joeandjone.co.uk/wp-content/uploads/2023/08/at68.jpg,https://joeandjone.co.uk/wp-content/uploads/2023/08/at68-300x300.jpg
Automatic Toilet Flush,Automatic Toilet Flush,370.2169,https://joeandjone.co.uk/product/automatic-toilet-flush-4/,https://joeandjone.co.uk/wp-content/uploads/2023/08/at69.jpg,https://joeandjone.co.uk/wp-content/uploads/2023/08/at69-300x300.jpg
Automatic Toilet Flush,Automatic Toilet Flush,370.2171,https://joeandjone.co.uk/product/automatic-toilet-flush-6/,https://joeandjone.co.uk/wp-content/uploads/2023/08/at71.jpg,https://joeandjone.co.uk/wp-content/uploads/2023/08/at71-300x300.jpg
Automatic Toilet Flush,Automatic Toilet Flush,370.2172,https://joeandjone.co.uk/product/automatic-toilet-flush-7/,https://joeandjone.co.uk/wp-content/uploads/2023/08/at72.jpg,https://joeandjone.co.uk/wp-content/uploads/2023/08/at72-300x300.jpg
Automatic Toilet Flush,Automatic Toilet Flush,370.2173,https://joeandjone.co.uk/product/automatic-toilet-flush-8/,https://joeandjone.co.uk/wp-content/uploads/2023/08/at73.jpg,https://joeandjone.co.uk/wp-content/uploads/2023/08/at73-300x300.jpg
Automatic Toilet Flush,Automatic Toilet Flush,370.2174,https://joeandjone.co.uk/product/automatic-toilet-flush-9/,https://joeandjone.co.uk/wp-content/uploads/2023/08/at74.jpg,https://joeandjone.co.uk/wp-content/uploads/2023/08/at74-300x300.jpg
Automatic Toilet Flush,Automatic Toilet Flush,370.2175,https://joeandjone.co.uk/product/automatic-toilet-flush-10/,https://joeandjone.co.uk/wp-content/uploads/2023/08/at75.jpg,https://joeandjone.co.uk/wp-content/uploads/2023/08/at75-300x300.jpg
Automatic Toilet Flush,Automatic Toilet Flush,370.2176,https://joeandjone.co.uk/product/automatic-toilet-flush-11/,https://joeandjone.co.uk/wp-content/uploads/2023/08/at76.jpg,https://joeandjone.co.uk/wp-content/uploads/2023/08/at76-300x300.jpg
Automatic Toilet Flush,Automatic Toilet Flush,370.2178,https://joeandjone.co.uk/product/automatic-toilet-flush-12/,https://joeandjone.co.uk/wp-content/uploads/2023/08/at77.jpg,https://joeandjone.co.uk/wp-content/uploads/2023/08/at77-300x300.jpg
Urinal Flush,Automatic Urinal Flush Stainless Steel,370.1751,https://joeandjone.co.uk/product/mg501-cubian-chair/,https://joeandjone.co.uk/wp-content/uploads/2022/12/uf.jpg,https://joeandjone.co.uk/wp-content/uploads/2022/12/uf-300x300.jpg
Urinal Flush,Automatic Urinal Flush Stainless Steel,370.1752,https://joeandjone.co.uk/product/automatic-urinal-flush-stainless-steel/,https://joeandjone.co.uk/wp-content/uploads/2023/07/uf1.jpg,https://joeandjone.co.uk/wp-content/uploads/2023/07/uf1-300x300.jpg
Urinal Flush,Automatic Urinal Flush Stainless Steel,370.1753,https://joeandjone.co.uk/product/automatic-urinal-flush-stainless-steel-2/,https://joeandjone.co.uk/wp-content/uploads/2023/07/uf2.jpg,https://joeandjone.co.uk/wp-content/uploads/2023/07/uf2-300x300.jpg
Urinal Flush,Automatic Urinal Flush Stainless Steel,370.1754,https://joeandjone.co.uk/product/automatic-urinal-flush-stainless-steel-3/,https://joeandjone.co.uk/wp-content/uploads/2023/07/uf3.jpg,https://joeandjone.co.uk/wp-content/uploads/2023/07/uf3-300x300.jpg
Urinal Flush,Automatic Urinal Flush Stainless Steel,370.1755,https://joeandjone.co.uk/product/automatic-urinal-flush-stainless-steel-4/,https://joeandjone.co.uk/wp-content/uploads/2023/07/uf4.jpg,https://joeandjone.co.uk/wp-content/uploads/2023/07/uf4-300x300.jpg
Urinal Flush,Automatic Urinal Flush Stainless Steel,370.1756,https://joeandjone.co.uk/product/automatic-urinal-flush-stainless-steel-5/,https://joeandjone.co.uk/wp-content/uploads/2023/07/uf5.jpg,https://joeandjone.co.uk/wp-content/uploads/2023/07/uf5-300x300.jpg
Urinal Flush,Automatic Urinal Flush Stainless Steel,370.1757,https://joeandjone.co.uk/product/automatic-urinal-flush-stainless-steel-6/,https://joeandjone.co.uk/wp-content/uploads/2023/07/uf6.jpg,https://joeandjone.co.uk/wp-content/uploads/2023/07/uf6-300x300.jpg
Urinal Flush,Automatic Urinal Flush Stainless Steel,370.1758,https://joeandjone.co.uk/product/automatic-urinal-flush-stainless-steel-7/,https://joeandjone.co.uk/wp-content/uploads/2023/07/uf7.jpg,https://joeandjone.co.uk/wp-content/uploads/2023/07/uf7-300x300.jpg
Urinal Flush,Automatic Urinal Flush Stainless Steel,370.1759,https://joeandjone.co.uk/product/automatic-urinal-flush-stainless-steel-8/,https://joeandjone.co.uk/wp-content/uploads/2023/07/uf8.jpg,https://joeandjone.co.uk/wp-content/uploads/2023/07/uf8-300x300.jpg
Urinal Flush,Automatic Urinal Flush Stainless Steel,370.1760,https://joeandjone.co.uk/product/automatic-urinal-flush-stainless-steel-9/,https://joeandjone.co.uk/wp-content/uploads/2023/07/uf9.jpg,https://joeandjone.co.uk/wp-content/uploads/2023/07/uf9-300x300.jpg
